TICKER	6m	1y	5y	10y	STATUS
ABEV3	N/A	N/A	N/A	N/A	Not present in data base.
CRFB3	N/A	N/A	N/A	N/A	Not present in data base.
B3SA3	N/A	N/A	N/A	N/A	Not present in data base.
BPAC11	N/A	N/A	N/A	N/A	Not present in data base.
BBAS3	N/A	N/A	N/A	N/A	Not present in data base.
SANB11	N/A	N/A	N/A	N/A	Not present in data base.
BBDC3	N/A	N/A	N/A	N/A	Not present in data base.
BBSE3	N/A	N/A	N/A	N/A	Not present in data base.
BRFS3	N/A	N/A	N/A	N/A	Not present in data base.
CCRO3	N/A	N/A	N/A	N/A	Not present in data base.
ELET3	N/A	N/A	N/A	N/A	Not present in data base.
CIEL3	N/A	N/A	N/A	N/A	Not present in data base.
SBSP3	N/A	N/A	N/A	N/A	Not present in data base.
CSNA3	N/A	N/A	N/A	N/A	Not present in data base.
CSAN3	N/A	N/A	N/A	N/A	Not present in data base.
CPFE3	N/A	N/A	N/A	N/A	Not present in data base.
EMBR3	N/A	N/A	N/A	N/A	Not present in data base.
EGIE3	N/A	N/A	N/A	N/A	Not present in data base.
EQTL3	N/A	N/A	N/A	N/A	Not present in data base.
HYPE3	N/A	N/A	N/A	N/A	Not present in data base.
IRBR3	N/A	N/A	N/A	N/A	Not present in data base.
JBSS3	N/A	N/A	N/A	N/A	Not present in data base.
KLBN11	N/A	N/A	N/A	N/A	Not present in data base.
RENT3	N/A	N/A	N/A	N/A	Not present in data base.
LREN3	N/A	N/A	N/A	N/A	Not present in data base.
MDIA3	N/A	N/A	N/A	N/A	Not present in data base.
MGLU3	N/A	N/A	N/A	N/A	Not present in data base.
MULT3	N/A	N/A	N/A	N/A	Not present in data base.
NTCO3	N/A	N/A	N/A	N/A	Not present in data base.
PETR3	N/A	N/A	N/A	N/A	Not present in data base.
PSSA3	N/A	N/A	N/A	N/A	Not present in data base.
RADL3	N/A	N/A	N/A	N/A	Not present in data base.
RAIL3	N/A	N/A	N/A	N/A	Not present in data base.
SUZB3	N/A	N/A	N/A	N/A	Not present in data base.
UGPA3	N/A	N/A	N/A	N/A	Not present in data base.
VALE3	N/A	N/A	N/A	N/A	Not present in data base.
WEGE3	N/A	N/A	N/A	N/A	Not present in data base.
FEMSAUBD	N/A	N/A	N/A	N/A	Not present in data base.
GAPB	N/A	N/A	N/A	N/A	Not present in data base.
BIMBOA	N/A	N/A	N/A	N/A	Not present in data base.
532848	N/A	N/A	N/A	N/A	Not present in data base.
532810	N/A	N/A	N/A	N/A	Not present in data base.
500820	N/A	N/A	N/A	N/A	Not present in data base.
532493	N/A	N/A	N/A	N/A	Not present in data base.
500027	N/A	N/A	N/A	N/A	Not present in data base.
524804	N/A	N/A	N/A	N/A	Not present in data base.
532215	N/A	N/A	N/A	N/A	Not present in data base.
532977	N/A	N/A	N/A	N/A	Not present in data base.
532978	N/A	N/A	N/A	N/A	Not present in data base.
500043	N/A	N/A	N/A	N/A	Not present in data base.
509480	N/A	N/A	N/A	N/A	Not present in data base.
500103	N/A	N/A	N/A	N/A	Not present in data base.
532454	N/A	N/A	N/A	N/A	Not present in data base.
500530	N/A	N/A	N/A	N/A	Not present in data base.
500087	N/A	N/A	N/A	N/A	Not present in data base.
533278	N/A	N/A	N/A	N/A	Not present in data base.
500124	N/A	N/A	N/A	N/A	Not present in data base.
532927	N/A	N/A	N/A	N/A	Not present in data base.
532155	N/A	N/A	N/A	N/A	Not present in data base.
540743	N/A	N/A	N/A	N/A	Not present in data base.
532424	N/A	N/A	N/A	N/A	Not present in data base.
532482	N/A	N/A	N/A	N/A	Not present in data base.
517300	N/A	N/A	N/A	N/A	Not present in data base.
532281	N/A	N/A	N/A	N/A	Not present in data base.
500180	N/A	N/A	N/A	N/A	Not present in data base.
500182	N/A	N/A	N/A	N/A	Not present in data base.
500440	N/A	N/A	N/A	N/A	Not present in data base.
500696	N/A	N/A	N/A	N/A	Not present in data base.
532174	N/A	N/A	N/A	N/A	Not present in data base.
500209	N/A	N/A	N/A	N/A	Not present in data base.
500875	N/A	N/A	N/A	N/A	Not present in data base.
533155	N/A	N/A	N/A	N/A	Not present in data base.
535648	N/A	N/A	N/A	N/A	Not present in data base.
500247	N/A	N/A	N/A	N/A	Not present in data base.
500510	N/A	N/A	N/A	N/A	Not present in data base.
540005	N/A	N/A	N/A	N/A	Not present in data base.
500520	N/A	N/A	N/A	N/A	Not present in data base.
532500	N/A	N/A	N/A	N/A	Not present in data base.
500271	N/A	N/A	N/A	N/A	Not present in data base.
500790	N/A	N/A	N/A	N/A	Not present in data base.
500304	N/A	N/A	N/A	N/A	Not present in data base.
532555	N/A	N/A	N/A	N/A	Not present in data base.
500312	N/A	N/A	N/A	N/A	Not present in data base.
500302	N/A	N/A	N/A	N/A	Not present in data base.
532898	N/A	N/A	N/A	N/A	Not present in data base.
532955	N/A	N/A	N/A	N/A	Not present in data base.
500325	N/A	N/A	N/A	N/A	Not present in data base.
533206	N/A	N/A	N/A	N/A	Not present in data base.
500112	N/A	N/A	N/A	N/A	Not present in data base.
524715	N/A	N/A	N/A	N/A	Not present in data base.
532540	N/A	N/A	N/A	N/A	Not present in data base.
500570	N/A	N/A	N/A	N/A	Not present in data base.
500400	N/A	N/A	N/A	N/A	Not present in data base.
500470	N/A	N/A	N/A	N/A	Not present in data base.
532755	N/A	N/A	N/A	N/A	Not present in data base.
500114	N/A	N/A	N/A	N/A	Not present in data base.
532538	N/A	N/A	N/A	N/A	Not present in data base.
500295	N/A	N/A	N/A	N/A	Not present in data base.
507685	N/A	N/A	N/A	N/A	Not present in data base.
532648	N/A	N/A	N/A	N/A	Not present in data base.
ASML	-0.08621663723784356	0.3900682201568016	2.4146242925614945	5.479826308989912	Passed
BN	-0.027181597014355047	-0.05611409433297695	0.3956973232763938	1.5874262096535134	Failed
OR	-0.2876662415740571	0.18474078114110842	0.643478626371317	0	Failed
MC	0.16401221211776124	0.28780897528197746	0.20584236840626938	0	Failed
UCB	N/A	N/A	N/A	N/A	Not present in data base.
INS	N/A	N/A	N/A	N/A	Not present in data base.
VOW	N/A	N/A	N/A	N/A	Not present in data base.
2600	N/A	N/A	N/A	N/A	Not present in data base.
914	N/A	N/A	N/A	N/A	Not present in data base.
939	N/A	N/A	N/A	N/A	Not present in data base.
384	N/A	N/A	N/A	N/A	Not present in data base.
941	N/A	N/A	N/A	N/A	Not present in data base.
3311	N/A	N/A	N/A	N/A	Not present in data base.
267	N/A	N/A	N/A	N/A	Not present in data base.
902	N/A	N/A	N/A	N/A	Not present in data base.
3690	N/A	N/A	N/A	N/A	Not present in data base.
2318	N/A	N/A	N/A	N/A	Not present in data base.
700	N/A	N/A	N/A	N/A	Not present in data base.
9540	N/A	N/A	N/A	N/A	Not present in data base.
51910	N/A	N/A	N/A	N/A	Not present in data base.
3670	N/A	N/A	N/A	N/A	Not present in data base.
5930	N/A	N/A	N/A	N/A	Not present in data base.
AZN	-0.06185077833546006	0.24291618888196537	0.9715986852109629	2.706085742399006	Passed
AV	N/A	N/A	N/A	N/A	Not present in data base.
BHP	-0.022768884412176952	0.14487550107149896	1.0525777060146475	0.8765589938085088	Failed
BT.A	N/A	N/A	N/A	N/A	Not present in data base.
BNZL	N/A	N/A	N/A	N/A	Not present in data base.
CAR	-0.015211640211640162	0.017366053635483752	4.401451027811367	4.873767258382642	Failed
CCL	0.3627954779033915	0.9615384615384616	-0.767405146555807	-0.5050428888175527	Failed
CLIG	N/A	N/A	N/A	N/A	Not present in data base.
CPG	0.06058304448096335	0.08167490598723953	0.37543206117807176	-0.6832493339162425	Failed
DSCV	N/A	N/A	N/A	N/A	Not present in data base.
DOM	N/A	N/A	N/A	N/A	Not present in data base.
EZJ	0.017980181786241813	0.3045550052528892	-0.1903893321742369	0.17078728196532406	Failed
EXPN	N/A	N/A	N/A	N/A	Not present in data base.
FERG	0.32084314441288536	0.5522015522015522	1.438678110330831	2.6805387958742237	Passed
GLEN	N/A	N/A	N/A	N/A	Not present in data base.
HSW	N/A	N/A	N/A	N/A	Not present in data base.
HSBA	N/A	N/A	N/A	N/A	Not present in data base.
IHG	0.12707367213271503	0.5572330627166121	0.3362831701653171	3.510073533807616	Passed
JMAT	N/A	N/A	N/A	N/A	Not present in data base.
LLOY	N/A	N/A	N/A	N/A	Not present in data base.
LOOK	N/A	N/A	N/A	N/A	Not present in data base.
MNDI	N/A	N/A	N/A	N/A	Not present in data base.
NWG	-0.1424480594650582	0.173650198040442	0.16885004256025907	-0.35258334195788915	Failed
NXT	0.038508557457212655	0	0	0	Failed
OTB	N/A	N/A	N/A	N/A	Not present in data base.
PSON	N/A	N/A	N/A	N/A	Not present in data base.
RKT	-0.13976164680390032	0.18684603886397608	0	0	Failed
RMV	N/A	N/A	N/A	N/A	Not present in data base.
RIO	-0.0443631296799234	0.14995826764351294	0.871907201710078	1.514692700496043	Failed
SHEL	0.08700412701086498	0.29068776676814023	0.15829492094946804	0.5618911153979277	Failed
SGE	0	0	0	0	Failed
SBRY	N/A	N/A	N/A	N/A	Not present in data base.
SDR	N/A	N/A	N/A	N/A	Not present in data base.
SVT	-0.026102610261026025	-0.05994787141615982	0.042218519124998785	0.38326024980503964	Failed
SN	0	0	0	0	Failed
SMIN	0.2594676476953039	0.21697144812378805	0.9805410756546891	0	Passed
SSE	N/A	N/A	N/A	N/A	Not present in data base.
STAN	N/A	N/A	N/A	N/A	Not present in data base.
TLW	N/A	N/A	N/A	N/A	Not present in data base.
ULVR	N/A	N/A	N/A	N/A	Not present in data base.
UU	N/A	N/A	N/A	N/A	Not present in data base.
VOD	-0.1341750044127347	-0.09525103871393618	-0.38840729973948246	-0.43432185387052524	Failed
WTB	N/A	N/A	N/A	N/A	Not present in data base.
WYN	N/A	N/A	N/A	N/A	Not present in data base.
AWE	N/A	N/A	N/A	N/A	Not present in data base.
RR	N/A	N/A	N/A	N/A	Not present in data base.
ACHC	-0.047691039032435385	-0.1357116128227516	0.9408963585434174	0.7348522784176267	Failed
ATVI	0.11775841046783594	0.2986404513271652	0.2275244749415153	5.016612080468355	Passed
ADBE	0.3838150289017339	0.8238736710877168	1.0009117848187823	9.212914485165793	Passed
AMD	0.15972747918243752	0.8350444900752909	2.921023765996343	26.42710997442455	Passed
AEHR	0.4035597529967308	1.2478184991273995	18.815384615384616	11.586319218241043	Passed
AMTX	1.0394088669950738	-0.3418124006359301	3.1399999999999997	0	Failed
GOOG	0.27392102846648286	0.3932911519533996	1.3973733097161616	0	Passed
AMZN	0.2537722908093278	0.11696927374301669	0.35432487497684745	7.0215646940822465	Failed
AAL	-0.08922198429693076	0.04761904761904762	-0.6432336009081328	-0.34061618280847905	Failed
AEP	-0.22439825313845047	-0.09640559902674065	0.1908829722271348	1.3761680765146294	Failed
AMGN	0.07445718761925814	0.20710843215808716	0.5260664264245077	2.1041029818978583	Passed
AAPL	0.08087452019378218	0.2744963827562951	2.305303983814878	10.789551395031756	Passed
ARCB	0.1049720477031624	0.31372376679464486	1.432856949085663	3.1182730160850634	Passed
BIDU	-0.07055659010966285	0.1188973762869478	-0.3446162824627955	-0.1524528301886793	Failed
RTC	-0.5351105331599479	0	0	0	Failed
OZK	0.12321755706293014	-0.08167912279192623	0.13470676503688875	0.9698581367834928	Failed
BECN	0.3823315118397086	0.30305631868131866	1.2762447510497898	1.2261660310941622	Passed
AVGO	0.3724685338621044	0.8848394031022272	3.1116767319062824	24.203729600949394	Passed
CZR	-0.015235151247515958	0.1963519313304721	0.0011223344556678847	0	Failed
CASY	0.2582427493058418	0.35615994036736526	1.2691064700464247	3.0660162390464962	Passed
CPRX	-0.2790563866513234	0.022857142857142805	2.6530612244897958	2.8201219512195124	Failed
CHPT	-0.5310119695321002	-0.7013167013167014	0	0	Failed
CAKE	-0.11449197650359148	-0.02457418975919696	-0.3756154662804583	-0.19497430417467645	Failed
CAAS	-0.3026584867075664	-0.17433414043583528	-0.028379302484613542	-0.5502861815208504	Failed
CHNR	-0.25553191489361704	-0.2859183673469388	-0.8066850828729282	-0.9182476635514019	Failed
CSCO	0.05804919087444954	0.3680468284093032	0.29195843495369994	2.172276264014102	Passed
CTSH	0.13267905979623804	0.18050359336662788	-0.03242737500285254	0.739893154556576	Failed
CMCSA	0.16911723177137264	0.528507885159725	0.4117028117145028	1.3333208087986645	Failed
COST	0.1518200532250233	0.19991513405950925	1.7215855657065227	4.915029032597501	Passed
DJCO	0.02985749044143216	0.16192156862745105	0.20885352917176675	1.074859943977591	Failed
DLTR	-0.29314278046162107	-0.2578372666431842	0.30642361111111105	0.7792602600912006	Failed
DBX	0.300235294117647	0.3113431419079259	0.1479019526381387	0	Failed
ENDP	-0.958108108108108	-0.9696673189823874	-0.9998215313759355	-0.9999319279754062	Failed
ETSY	-0.397270805304632	-0.43208982252806954	0.4126126126126126	0	Failed
FTNT	-0.08531746031746026	0.16436759277248886	2.480255516840883	12.815122176118026	Passed
GMAB	-0.0954218106995885	0.0019943019943020023	1.3009486424599281	7.2096171802054165	Failed
ROCK	0.4012491923325437	0.4742805347835939	0.5140795904119154	3.6974729241877258	Passed
GILD	-0.08611367210140063	0.2061297339865863	0.19939981866178805	0.5810560963949213	Failed
GBCI	-0.24035395510251123	-0.38217471998933494	-0.19751299374189998	0.6768904593639576	Failed
GOGO	-0.19267955801104977	-0.08025177025963819	1.0912343470483006	-0.3183673469387755	Failed
GEG	-0.1095890410958904	-0.025000000000000022	0	0	Failed
GRPN	2.6750629722921913	0.770631067961165	-0.8059840425531914	-0.9362882096069869	Failed
HBIO	0.025821596244131533	0.7836734693877551	-0.06823027718550112	0.1078155499784521	Failed
HAS	0.1573112363168706	-0.10885006453043704	-0.31926720775897666	0.6656083224428465	Failed
HTLD	-0.04992646286374612	0.015680934398382758	-0.16254789161158892	0.0994855896722819	Failed
HIBB	-0.20032659334325925	-0.15267329575918623	1.6325002541023412	-0.1450028885037551	Failed
ILMN	-0.39119092134440625	-0.3208846638859249	-0.5750789026462733	0.724596625200148	Failed
IOSP	-0.0026720304473432602	0.21376115964289152	0.48079938279286244	1.5308759357860604	Failed
INTC	0.11137060373114782	0.45435485561764677	-0.11525575052366692	1.1179233650786191	Failed
JJSF	0.03216741290592238	0.2253539785202471	0.15472946369937424	1.2744501205464382	Failed
JBLU	-0.3208092485549133	-0.28895612708018154	-0.7403314917127073	-0.2974588938714499	Failed
KALU	-0.027894948314278387	0.04128955115493986	-0.2576198148660591	0.20952043339150658	Failed
KDP	-0.14499536528914347	-0.15562881364023098	0.5067092907893814	3.932580952068502	Failed
LE	-0.25081081081081086	-0.20161290322580647	-0.5543408360128618	0	Failed
LQDA	-0.019259259259259243	0.21691176470588228	-0.7878884972765139	0	Failed
LULU	0.007932369006120944	0.2313728120179733	1.3870254810192408	3.8034009156311317	Passed
LYFT	0.17603393425238603	-0.11350919264588329	0	0	Failed
MANH	0.34676736766716576	0.5273573063575278	3.009497964721845	7.638546669450824	Passed
MAR	0.20863994395285318	0.3993783555483516	0.6727709119836391	4.092770646016319	Passed
MTCH	0.044232922732362775	-0.22758335059018434	-0.2988800878185585	0	Failed
MAT	0.17798060467769522	0.04082661290322574	0.42217630853994487	-0.4055877628798914	Failed
META	0.4596483109671449	1.363656800299738	1.004894171486684	5.180054858934169	Passed
MMAT	-0.48551919001648225	-0.6754307783719549	-0.885	-0.9647580645161291	Failed
MSFT	0.1271084636112658	0.41061074453833385	2.0813121422115093	10.534164402197854	Passed
MSEX	-0.16940397136511468	-0.09824138136221262	0.5597113551571291	3.0259136493446124	Failed
MNST	-0.04927701674277023	0.10687783807730636	0.7786082932906211	4.780219780219781	Failed
MYGN	-0.34633519074153446	-0.2227319062181448	-0.6541165797232933	-0.3926722421346077	Failed
FIZZ	-0.10217138425746405	0.1874358974358975	0.01826769160407403	5.322011685687763	Failed
NTES	0.13628432549018726	0.3198739490304274	1.5527803910857534	7.202302885513924	Passed
NFLX	0.1243037750861993	0.6974860956618465	0.08584033015511588	7.160397335694761	Passed
NTIC	0.08742155571895154	0.0003539349703481281	-0.20427557902376156	0.5920663929501301	Failed
NVDA	0.6928937822166618	2.7917731399083254	5.842557772677317	124.10798840833287	Passed
NXPI	0.18203464141920186	0.33904512128578485	1.577268188958228	4.560973156331468	Passed
ONB	0.06166621390445005	-0.13442717156419662	-0.14099860397421807	0.43433882534990526	Failed
ORLY	0.04763508413363834	0.26925728435358837	1.6469984155859396	6.101306675062972	Passed
PCAR	0.28588815654086097	0.5606880729034722	1.346912768782948	2.3817452248504924	Passed
PACW	-0.21464419126853548	-0.660371954821272	-0.8081336410772385	-0.6775501013285296	Failed
PZZA	-0.15070935442422786	-0.04513636268372066	0.3764234186215633	1.1077838177221884	Failed
PYPL	-0.2293223052294556	-0.3593212820228457	-0.3054820870401539	0	Failed
PTON	-0.5521472392638037	-0.4119677790563866	0	0	Failed
PEP	-0.1182984022768353	0.018756975393227862	0.7342616485710112	1.68150200246921	Failed
TROW	-0.0438897291145685	0.005215984665929911	0.11375061187600906	0.9553462911391194	Failed
QCOM	-0.08576554767491915	-0.058774794382868506	0.7747927567711193	1.1771571291685645	Failed
ROLL	0.1052704899001626	0.10810055865921786	0.5401508832799612	2.7947862742315803	Passed
REGN	0.009460258467776032	0.1580907291277324	1.1353600326722313	1.7108554763447827	Passed
RGLD	-0.23676438915232956	0.12785767458921787	0.449695403103796	1.4559622983709926	Failed
SEIC	0.031611851384027494	0.20891708886943894	0.04142974065444409	1.0807540094322743	Failed
SIRI	0.0954785402800092	-0.24889844733529162	-0.22211759592923244	0.22587181096969353	Failed
SKYW	0.8504672897196262	1.4034682080924854	-0.2047508391427834	2.0938420786332927	Passed
SWBI	0.11626147005959706	0.3138981678307522	0.25370654767079087	0.7086591369823344	Failed
SOHU	-0.3265592151366503	-0.41616038882138523	-0.4373536299765808	-0.8891580161476356	Failed
SEDG	-0.5576291749928632	-0.4085965079667971	2.26408636124276	0	Failed
SFM	0.223729792147806	0.5870460501684762	0.5764224618817404	-0.11907730673316702	Passed
SBUX	-0.10391323208728029	0.08946874723459489	0.8390572001617275	1.8762619733665604	Failed
SFIX	-0.2853881278538813	-0.19537275064267356	-0.8809885931558936	0	Failed
TSLA	0.407813682049065	0.1679293495315371	13.918715248549814	20.593329631256577	Passed
TXN	-0.10580757232520757	0.01486143893696996	0.7440057042085354	4.1305420425124915	Failed
TXRH	-0.12326059623055335	0.11648339309899565	0.5622570736074127	3.3798232654596836	Failed
MIDD	-0.08565341952545359	-0.07608372921615202	0.009980525803310646	0.7648660221817016	Failed
WEN	-0.10323420635519652	0.03662260611612799	0.24166399958197538	1.862779350641528	Failed
YORW	-0.17870662667173154	0.02279122498416323	0.3533785898528982	1.307352616471627	Failed
NCTY	-0.49217208262070783	-0.5877389725515326	-0.96912	-0.9949143610013175	Failed
ULTA	-0.25205873884249935	0.004278571060363854	0.44391328515842116	2.144286636539703	Failed
USLM	0.4504420858607955	1.011426484796385	1.9490126969830899	3.1682595860905627	Passed
URBN	0.19682059046177133	0.4517906336088154	-0.2114713216957606	-0.1444805194805195	Failed
UTSI	-0.0027123287671232932	-0.03955145118733513	-0.7672570332480818	-0.6818094405594405	Failed
VEON	0.03641456582633045	1.1337946943483277	-0.7048698077027384	-0.910272794953936	Failed
VRA	0.10356536502546695	1.1523178807947019	-0.5306859205776173	-0.6894409937888198	Failed
VRSK	0.2638860506418183	0.4161005982002651	1.0724766601317914	2.807723981663517	Passed
VYNT	-0.6822429906542056	-0.9403717993686426	-0.9987813620071685	-0.9999430771806462	Failed
WBA	-0.3699481745541105	-0.24279246750361078	-0.6290614455208448	-0.4686177483133913	Failed
WDFC	0.14764824089269055	0.17260991849651786	0.34327322380080055	2.826994616501331	Passed
ABT	-0.06778033998550402	-0.030194886580419474	0.4693367376509599	2.495170957536354	Failed
ABBV	-0.06378380722934596	0.11143655487320073	0.9841752858141295	3.7716720254098712	Failed
ANF	1.0884586180713742	2.6262359920896503	1.9645557477675561	1.038736361480076	Passed
AFL	0.21665373188150158	0.3776036442587124	0.8860037136774154	2.100626518348037	Passed
APD	0.008679973614832637	0.2413587193679521	0.8660563773967233	2.3551390712665636	Passed
BABA	-0.16235156706248777	0.059330379123584534	-0.44344564444157014	0	Failed
ALL	-0.0018974093437926886	-0.10798329331149072	0.2840371990626471	1.6781952538072265	Failed
AMC	-0.8110204081632654	-0.8581929555895865	-0.948350507068618	0	Failed
AEO	0.20016086150271464	0.5681035321591906	-0.17910082826492243	0.5427192923674866	Failed
AXP	-0.05272740537265709	0.09430823406118645	0.49558246286334123	1.3236741814152748	Failed
AWK	-0.20980545988856836	-0.0499083883056793	0.4515179568098602	2.5656961132862306	Failed
AMN	-0.045565599804544395	-0.29770786516853937	0.5150281171223579	4.830597014925372	Failed
APTV	-0.05872646088138223	0.13827914074421882	0.24687221134979023	1.1927652540437375	Failed
ANET	0.21376290272130133	0.6666953010909717	2.0886297608150595	0	Passed
APAM	0.1686888378092661	0.43833654289943186	0.8277514864700883	0.674479359667976	Passed
ASGN	0.00557385355966554	-0.14378168482364362	0.10757639179573034	1.4659832246039144	Failed
ASH	-0.21904255644996348	-0.1538016829753977	0.023160925194302302	1.0572350698194977	Failed
T	-0.23718523993031737	0.03229770179812684	-0.20548080782532682	0.04132136114033693	Failed
AZO	0.007254967044430797	0.17251149954001838	2.3048619214313497	5.041954063855508	Passed
BAC	-0.04826226635514016	-0.1274457958751983	-0.02823232963313629	1.2279766177827915	Failed
BCS	0.033473198505106654	0.24902165405687463	0.020054864569739237	-0.4085901128002409	Failed
BNED	-0.38756410256410256	-0.6019166666666667	-0.8296969696969697	0	Failed
BAX	-0.12196151208681609	-0.32373287633286674	-0.4665656705438496	0.20934717708911252	Failed
BBY	-0.06111235519337589	0.11741830219372167	0.1232137373156565	1.4935177965948032	Failed
BILL	0.4933404368673416	-0.19070304605168176	0	0	Failed
BLK	0.002078014183300816	0.2120158321507831	0.5723410019702166	2.069388172538384	Passed
BX	0.3005584179572437	0.2611296219868054	2.4638094035050395	5.96726978523095	Passed
BA	-0.11349765813502394	0.44371677324909475	-0.49875813033412114	0.8786845799077603	Failed
BWA	-0.009982101231067825	0.36718147379968813	0.18087387035260405	0.011089532637300883	Failed
BP	-0.03507668108533231	0.25233066129537146	0.05872809957054875	0.5801471661500684	Failed
BMY	-0.18367699772939458	-0.15820188594868695	0.06744938752595145	0.594542645432364	Failed
BAM	0.031346749226006235	0	0	0	Failed
BBW	0.15332771693344568	1.106737250315472	2.7543364093844698	3.304896072450552	Passed
BURL	-0.36354263326116093	0.037827841291190316	-0.18957594853616916	0	Failed
CCJ	0.49227722772277227	0.4166265640038498	2.1942489954392093	1.4180972244505055	Passed
CPB	-0.2762541290747388	-0.12756248120699712	0.25400018431832405	0.3084335271998992	Failed
CNI	-0.08665598597583793	-0.004812426838105508	0.28429389612709616	1.4985888291247011	Failed
CP	-0.03664071260817141	0.06850142857980981	0.7267452333772623	2.1878210794395385	Failed
KMX	0.029224312140525347	0.06259027443428007	-0.06601777401608135	0.37052370109708116	Failed
CAT	0.2851405349471517	0.5310027900110316	0.9615471844107564	3.174115880633831	Passed
CNC	0.06346561647985456	-0.06161454156642609	-0.024657914843370227	3.284363081617086	Failed
CVX	-0.013605111280276569	0.05063758410994028	0.6119544761719284	1.0846209890995253	Failed
CYD	0.4070640357714237	0.3959167062334666	-0.15558145069301413	-0.28626917848125855	Failed
CMG	0.08133111006936818	0.23230431107354182	3.055256364607441	3.197618170091219	Passed
C	-0.0953967791677673	0.004356577604985247	-0.3311950939005927	0.028722322638951754	Failed
CLW	0.12991400491400482	-0.036154047681425265	0.2809888579387187	-0.2422245108135942	Failed
KO	-0.14130355743360618	0.004369783476472745	0.3537577349396362	0.9601044602151172	Failed
CL	-0.07106332376718584	0.032224611558300906	0.21037781041571246	0.475066666381539	Failed
CTVA	-0.158038170057785	-0.16844994417566064	0	0	Failed
CVS	-0.08373975248643901	-0.18446887550318944	0.02450763729465482	0.5610172507382074	Failed
DE	0.03084136632911655	0.07623333684932088	1.6042501549657493	4.567706303271877	Failed
DAL	0.10061298453369916	0.2616427770331264	-0.2676233860322942	0.6520553587979029	Failed
DB	0.06147634495005109	0.4379014701534657	0.030361974828353133	-0.7415046843216552	Failed
DEO	-0.16928364954373037	-0.07161048771665027	0.21327790607174887	0.5788421823995736	Failed
DLR	0.3180990713673664	0.32668090142411627	0.2821661255576772	2.344789458085402	Passed
DFS	-0.07214833909426446	-0.025535603824022885	0.29658435034823133	1.1664468220235475	Failed
DG	-0.5061722514248695	-0.5609891401239494	0.04799529327087345	0.938688304475234	Failed
D	-0.2619860892341999	-0.3190135658376704	-0.2844960415644313	0.0010658830985510496	Failed
PLOW	0.014333190613085444	0.10135409364277016	-0.16352814580671193	1.870192307692308	Failed
DXC	-0.13621665319320928	-0.19540662650602403	-0.7563983895163533	0	Failed
EMN	-0.06866574272395115	0.060749125369870295	-0.04061923667451008	0.22198986634485834	Failed
ENB	-0.15435089388459086	-0.08078251926832364	0.3190293403195185	0.34489156758904305	Failed
EDR	-0.09993765421799947	-0.02571633612311144	0	0	Failed
ET	0.12949121088715906	0.28044647031323033	0	0	Failed
EXR	-0.2552375925297541	-0.25135648999134624	0.6480613170028978	2.6519493805058874	Failed
XOM	-0.05251943895571145	0.09602630381313246	0.6242259275986553	0.9062848523549744	Failed
FICO	0.29906903423455583	1.171854798607658	2.960284716869928	14.819249965591428	Passed
FE	-0.16151236784113707	-0.011864396888295055	0.10217871021917287	0.41192952026750923	Failed
FMC	-0.4552344860255803	-0.41950013590297824	0.005682691814873618	0.3351819049785976	Failed
FL	-0.4978548763741592	-0.3423191822301705	-0.5075687451023156	-0.2248905246434317	Failed
F	-0.0037680499709177883	0.029576519989197317	0.5605704476429418	0.07101299548692294	Failed
FTS	-0.09811279006518107	0.10241810749210448	0.4587900207280158	0	Failed
BEN	-0.07683901057459942	0.14939775199072422	-0.0270708709317652	-0.31209299791534645	Failed
FCX	-0.0834155340536879	0.28640120051571444	1.9146859286455422	0.243275172355094	Failed
FCN	-0.052994011976047924	0.098963460536221	1.6387652947719689	4.025953389830509	Failed
GPS	0.13108440648414837	0.119484491044124	-0.5478805522473644	-0.6424510070672611	Failed
GRMN	0.09732632042590282	0.37049452990216836	0.7593300190139595	2.134608284722735	Passed
GD	-0.016612602864673535	0.0065526145014237905	0.20508399261191576	2.211656235671375	Failed
GE	0.1926338516713136	1.219187300045192	0.4365357155744338	-0.06998979633552457	Failed
GIS	-0.2684108980903053	-0.1456123248395887	0.71650359562043	0.8357976127874216	Failed
GM	-0.10183817972537755	-0.07175708273378054	-0.02239320674010853	0.13338761856554934	Failed
GSK	-0.015914528216267904	0.2661463893236048	-0.06179842873635907	-0.017531631996568823	Failed
GMED	-0.077070954211814	-0.11674193008864353	0.028432327166504397	2.0721349621873184	Failed
GS	-0.01511400351681961	0.06911985788862515	0.5531417221940016	1.394224072341609	Failed
HRB	0.22254436435771538	0.10912052117263832	1.0007050943063636	1.0868872386283543	Failed
HOG	-0.16285222473750918	-0.14052977460570917	-0.23075749407492543	-0.41321042759016674	Failed
HES	0.04006295362168985	0.1500242796063151	1.1772472061276842	1.1447472467276592	Passed
HD	0.028528837058510052	0.05770033076162596	0.6852823547219504	3.859147450449374	Failed
HMC	0.25411404515882147	0.49370065819461423	0.3178478503034229	0.12508840716046513	Failed
H	-0.03151158207155604	0.2648384127137943	0.4046897427515616	1.4166820959081652	Failed
IMAX	0.0005047955577991703	0.35567715458276344	-0.190359477124183	-0.2659259259259259	Failed
ICE	0.03187668850222459	0.25065138092756645	0.5580014079341727	2.255794833246223	Passed
IQV	0.01434918041158134	0.10147499168237764	0.5544252288911493	3.516598453842656	Failed
IRM	0.13427752302536497	0.329432930932663	1.388806172727796	3.54534782710774	Passed
JNJ	-0.03134844972124552	0.01207439940985861	0.29538873166290297	1.3674326331455584	Failed
JPM	0.1545984209613324	0.40994521522313276	0.4738760298594484	2.642497985455112	Passed
K	-0.13898928986677642	-0.1451310782061823	-0.008261537342109415	0.34422646337562646	Failed
KEY	-0.10850716424947822	-0.3276790770568015	-0.3680014360790091	0.24799843541822003	Failed
KMI	-0.051749919891764855	0.004532310787025442	0.22058172041368143	-0.24229737034262355	Failed
KKR	0.26562908069992164	0.39751272923894915	1.468393972072886	3.190791473837111	Passed
LVS	-0.19862153063117993	0.07497842722626277	-0.15412151612548203	-0.06698216086088767	Failed
LAZ	-0.02256007025093924	-0.0286416611430684	-0.17501753909520903	0.41984673359494434	Failed
LCII	0.06486001556592848	0.17540973751659994	0.5483094430462851	2.0220343793645132	Passed
LMT	-0.17143635755375541	0.018004915627758775	0.3196697746454663	3.3137533518702122	Failed
L	0.1245441037417264	0.23732025415226843	0.2985280475490719	0.4330301328163221	Failed
LOW	0.014759324586460613	0.03253632150307935	0.9884164311060324	3.93478282501617	Failed
MTB	0.08440496730799628	-0.28876439195110587	-0.1333725845242922	0.4401670695334628	Failed
M	-0.3836988056737432	-0.33640740165569644	-0.5792224515689208	-0.6227388952463743	Failed
MA	0.10416715798410497	0.35731899059695865	0.9182864072896525	5.290146169992161	Passed
MKC	-0.23963733469032447	-0.10349338973940897	0.03534778382644001	1.3948652308605562	Failed
MCD	-0.11318739855799168	0.08804522256446756	0.6737219849471558	2.421935291757826	Failed
MCK	0.20666784996660123	0.29196364896098026	2.474807663945076	2.6553891316018894	Passed
MRK	-0.06273317760340115	0.21798366720015003	0.7847877257186054	2.0774153029423266	Passed
MET	0.05663742349523977	0.0005678741261734223	0.5500030598506793	1.2533714904248932	Failed
TAP	0.15003263606129374	0.29420406450033226	0.07691384143535161	0.46275774310317147	Failed
MCO	0.06701633819347154	0.3081464302259339	1.0622411712067927	4.003692296040091	Passed
MS	-0.028697015270566464	0.0542434473543702	0.9916444185719735	2.7615608443041695	Failed
MOV	0.16610606523913027	0.004045356379174701	-0.13493695952718873	-0.16066860983879605	Failed
NFG	-0.07934284371702913	-0.14113534893030658	0.08214461387112645	0.063276415005468	Failed
NGS	0.2701688555347091	0.26423902894491114	-0.31959798994974875	-0.49721500185666545	Failed
EDU	0.567252974650802	1.3779434850863421	-0.014155548324113202	1.452073477217449	Failed
NKE	-0.18699118926503536	0.1279453066742862	0.27472729420721703	2.003971887450816	Failed
NOC	-0.09639731019998861	-0.1372423514447073	0.42766885935248916	4.343473864019423	Failed
NCLH	0.2729357798165136	0.2906976744186045	-0.6930309734513275	-0.46720000000000006	Failed
NOV	0.05860282294086127	0.037068640160154986	-0.5584413164783366	-0.6976780526384605	Failed
NVS	0.009141907334302882	0.3397364109297335	0.37438666191276604	0.8346163434589148	Failed
NTR	-0.12165477786288777	-0.2704448782645758	0.20866881733269374	0	Failed
OKE	-0.0052532194844374476	0.23425072230823088	0.3187230680082178	1.4970095717642926	Failed
OPY	0.0036055277419212847	0.27923563214358393	0.29450836578707285	1.7321504836546462	Failed
ORCL	0.1552716241138566	0.7663808155704204	1.4180425738531655	2.8510583702995493	Passed
PFE	-0.18383688026513936	-0.18529580414350164	-0.06314307748322158	0.7349104635297493	Failed
PCG	-0.07181328545780975	0.03884795713328869	-0.6765380604796664	-0.5572581404841901	Failed
PSX	0.08341147112374539	0.22819114294102236	0.1409231875214204	1.6290444522563214	Passed
DOC	-0.17594291828159644	-0.1069028804877861	-0.042088790050242915	0.6456538042478529	Failed
PLNT	-0.36627140974967065	-0.2100509114797175	-0.028086482117599527	0	Failed
PNC	0.011348985344335748	-0.16983647214909733	0.033193789790354096	1.1966060000739835	Failed
PKX	0.43367848089638616	1.50292917980379	0.7352991808570157	0.6763037822069629	Passed
PBH	-0.07733585858585856	0.17507537688442212	0.5498409331919407	0.900520156046814	Failed
PG	-0.04155515719321448	0.1900384568393249	0.9962704515193551	1.5328947368421055	Passed
PRU	0.14681419239663054	0.07445042710821419	0.13850992350693903	0.7636359493901604	Failed
PSA	-0.1322590750868579	-0.033020604496745355	0.6283267288133086	1.3630103876851685	Failed
KWR	-0.18286077400148582	0.1400206127803628	-0.18054587966587468	1.3998721946337147	Failed
RTX	-0.28027052007856473	-0.14904983126135046	0.1405377217689532	0.7080813768453006	Failed
RF	-0.07793976468486973	-0.1564197883900487	0.07979502196193257	1.3628354024829794	Failed
RBA	0.17062368766169086	0.12421413405918039	0.9937690901712127	3.040991261217245	Passed
RAD	N/A	N/A	N/A	N/A	Not present in data base.
RCI	-0.18629449550900445	0.04457283451593762	-0.1301365164299925	0.3029048201313179	Failed
CRM	0.07691508699039211	0.379732517133542	0.3372025536854325	2.9250425894378203	Passed
SAP	0.034071764201307385	0.5745342063106446	0.18355177632209368	1.0578402108767508	Failed
SRE	-0.12112801445366721	-0.05702650804821493	0.35596164606027786	1.132742828640325	Failed
SJW	-0.23165029011955426	0.03382901932693243	0.11313611486035514	1.7298768261243194	Failed
SNA	0.14954993555332063	0.27163520506715105	0.6458946744017146	2.2228602062203646	Passed
SNOW	0.09795442064799548	-0.08652198743575104	0	0	Failed
SONY	-0.05897697629579225	0.2493600361391357	0.45550934055620557	3.067655349920333	Failed
SO	-0.08356912938362017	0.05486019895731691	0.8331565166358177	1.5004329670752594	Failed
LUV	-0.13324862129558207	-0.1318648555939898	-0.5374071568647548	0.9770464036445403	Failed
SAVE	-0.010125869770895475	-0.051643919705809886	-0.6051889304727263	-0.49638988069850476	Failed
SPOT	0.2117300724637682	0.8239972730371548	-0.023421340795717206	0	Failed
SUN	0.14032383345160232	0.3307324524469634	1.6213283514642505	2.814626204949717	Passed
SYY	-0.17338985009401944	-0.10390438609977051	-0.005507230807632358	1.5897782952306119	Failed
TSM	-0.001199142702455913	0.3062572781162043	1.4278959232340045	5.537225358196608	Passed
TAL	0.4285714285714286	0.8	-0.6152201795639162	3.477834718145181	Passed
TGT	-0.355822989653662	-0.2911674373080428	0.39620348592162596	1.1922206541798535	Failed
TRP	-0.14181918938472665	-0.12223155242993583	0.09757778200694327	0.35976715257847647	Failed
TU	-0.18066590149109873	-0.1297280466115337	0.17511241599977184	0.6425447989401649	Failed
TEVA	0.016181229773462823	0.11347517730496443	-0.5618604651162791	-0.7291048381530816	Failed
TCS	-0.33647798742138374	-0.6056074766355141	-0.7812043095492395	0	Failed
EL	-0.3934025955152884	-0.3302215949357634	0.10044037311640677	1.314627438357867	Failed
GEO	0.057953144266337936	0.031249999999999972	-0.5254319785835969	-0.24306584797798012	Failed
HSY	-0.24242806776042797	-0.09912198573763778	1.069183550924364	1.6508752210308566	Failed
DIS	-0.1703511053315995	-0.14635652531906135	-0.2628171512780266	0.3967924633160937	Failed
TWI	0.32849740932642485	0.0023455824863175246	0.7459279838753609	-0.15906303091525686	Failed
TJX	0.14388926628673374	0.3931840394608242	0.7196215236498996	2.6007435277986355	Passed
TR	-0.31617863744742414	-0.046145030798647325	0.2269029412825001	0.38611083456271666	Failed
TM	0.24706560092172536	0.2975764287351964	0.4865708181289878	0.6098580800132373	Failed
THS	-0.2102821801314264	-0.10571240971766248	-0.12129032258064518	-0.3985869885192817	Failed
TREX	0.22226855713094237	0.18328623334679045	0.6535966149506345	8.751634421838869	Passed
TSN	-0.18954802308156296	-0.23219379215001928	-0.1259994434995402	0.9766865182727851	Failed
UBER	0.4682488774855677	0.6309226932668329	0	0	Failed
UBS	0.19980483044645028	0.6990375114869861	0.8731812849459909	0	Passed
UGI	-0.3771345223413338	-0.3180342768112178	-0.5471172645106775	-0.2723633127036846	Failed
UAA	-0.26187845303867413	-0.05516265912305524	-0.6560247167868177	-0.6705708297373937	Failed
UL	-0.08378032768818894	0.1526371774492345	0.07645462013787185	0.7815643923579682	Failed
UNFI	-0.4726502311248074	-0.6131675614580391	-0.5348284063880394	-0.795763091153215	Failed
X	0.33931707475350525	0.7732681774245516	0.16795823592036244	0.6719136849460022	Failed
UNH	0.03154830524049171	0.054804575449248064	1.099544853912788	7.375919689739375	Failed
VEEV	0.16431507610265517	0.2639450039196766	1.1379028967768257	0	Passed
VZ	-0.18723819058408198	-0.10087930215410086	-0.26817696595896096	0.07444118609948257	Failed
VFC	-0.21459262732057677	-0.40095920255689044	-0.7751571478580432	-0.5322785374853567	Failed
V	0.04402450212530693	0.2889660243636231	0.6725797192399441	4.291704834146318	Passed
WNC	0.006240468549722675	0.35002824326868776	0.37057875252483424	1.0767960761974646	Failed
WMT	0.04483344856494889	0.23526698699419676	0.8248724479378743	1.6634131057430002	Passed
WFC	0.06396785654414588	-0.02254481141449056	-0.13691755643484432	0.28061599744853133	Failed
WSM	0.34793579081866277	0.3488981424345862	1.8074864075888613	2.616388095254809	Passed
WH	0.01982917333172355	0.08777532401475684	0.4010457050216231	0	Failed
XRX	0.08222933501743906	0.1272827850164084	-0.25804562920977925	-0.23729370767308827	Failed
YUM	-0.08722132781560442	0.11709275348495343	0.4510498429426212	1.8288750805137726	Failed
ZTO	-0.14161144053017097	0.03409878773872298	0.6664296693548932	0	Failed
BUD	-0.1937971239323156	0.1801308872438579	-0.34204623620540126	-0.30819060397056675	Failed
WHD	0.1510945111733879	0.11471446612467391	0.23614229719051447	0	Failed
SCHW	0.053505948186783905	-0.2961865040643713	0.0740048084172432	1.6803165162308646	Failed
CRH	0.1844246953873849	0.7842050242341687	0.9997869620792501	2.0052504642178732	Passed
DOW	-0.05519623281107301	0.19342052170610716	0	0	Failed
LAC	N/A	N/A	N/A	N/A	Not present in data base.
NVO	0.16170265355484553	0.792905062835367	3.5980224310820725	5.588942135755669	Passed
TXT	0.13637203253954785	0.25589773824086137	0.09440331537316463	1.8932833686998662	Passed
UPS	-0.16649821499535086	0.005217882007965022	0.5384182324293729	1.2919883357383357	Failed
601888	N/A	N/A	N/A	N/A	Not present in data base.
600007	N/A	N/A	N/A	N/A	Not present in data base.
600900	N/A	N/A	N/A	N/A	Not present in data base.
601138	N/A	N/A	N/A	N/A	Not present in data base.
600276	N/A	N/A	N/A	N/A	Not present in data base.
600519	N/A	N/A	N/A	N/A	Not present in data base.
600009	N/A	N/A	N/A	N/A	Not present in data base.
2142	N/A	N/A	N/A	N/A	Not present in data base.
2	N/A	N/A	N/A	N/A	Not present in data base.
2415	N/A	N/A	N/A	N/A	Not present in data base.
333	N/A	N/A	N/A	N/A	Not present in data base.
300760	N/A	N/A	N/A	N/A	Not present in data base.
858	N/A	N/A	N/A	N/A	Not present in data base.
NESN	N/A	N/A	N/A	N/A	Not present in data base.
ROG	-0.19694885582093286	-0.45645366060093107	-0.04992972853021673	1.2011996572407884	Failed
AEM	-0.18942186547997544	0.0927637716099487	0.45002089830562964	1.1177487063419766	Failed
AC	-0.042977745785102876	-0.12242988290635023	-0.17087996635731956	0	Failed
ATD	N/A	N/A	N/A	N/A	Not present in data base.
ACB	-0.13351665139016183	-0.5110344827586206	-0.9952120475418693	0	Failed
BNS	-0.08025446434240101	0.0058718288768073645	0.02721189731662753	0.36405437385635686	Failed
BCE	-0.1738500976238229	-0.05252494992244006	0.24188052390586726	0.5256066453005429	Failed
BBD.B	N/A	N/A	N/A	N/A	Not present in data base.
BYD	-0.06027053980105864	0.16047745358090185	0.8977475543908002	3.3571047483549705	Passed
GOOS	-0.23051591657519208	-0.17139479905437363	-0.7538623595505618	0	Failed
CNQ	0.07304085312163701	0.17272376646338433	1.5987103762248889	2.114083343051113	Passed
CU	N/A	N/A	N/A	N/A	Not present in data base.
CWB	0.01949005595384617	0.056750010670266686	0.4934987466655945	1.2474709610180035	Failed
CJT	N/A	N/A	N/A	N/A	Not present in data base.
CSU	N/A	N/A	N/A	N/A	Not present in data base.
DOL	-0.012583392446047833	0.2475456842255745	0.16278849282915797	0.3362711465127579	Failed
ENGH	0.00649999999999995	0.08810810810810805	0	0	Failed
FFH	N/A	N/A	N/A	N/A	Not present in data base.
GWO	N/A	N/A	N/A	N/A	Not present in data base.
OTEX	-0.06469068344028643	0.3753182345476202	0.07930592044968524	1.2616555600366166	Failed
QSR	-0.031293019249552044	0.24357283332411875	0.2696198397755082	0	Failed
RY	-0.1139875826457131	-0.006001077332255983	0.290580571032489	0.9551196093038659	Failed
SHOP	0.1830209481808158	0.9717015803013597	2.684752747252747	0	Passed
SU	0.04864379308324703	0.03400801661087985	0.014783972586344833	0.34684920054342144	Failed
